<?xml version="1.0" encoding="UTF-8" standalone="yes"?>
<addon id="plugin.program.jb3tech1wizard" name="JB3 Tech1 Wizard" version="0.1.1" provider-name="JB3 Tech1">
  <requires>
    <import addon="xbmc.python" version="2.1.0"/>
  </requires>
  <extension point="xbmc.python.pluginsource" library="default.py">
    <provides>executable</provides>
  </extension>
  <extension point="xbmc.service" library="startup.py" start="startup" />
  <extension point="xbmc.addon.metadata">
    <summary lang="en">JB3 Tech1 Wizard</summary>
    <description lang="en">JB3 Tech1 Wizard allows you to get access to the latest JB3 Custom Builds.</description>
    <platform>all</platform>
  </extension>
</addon>