<?xml version="1.0" encoding="UTF-8" standalone="yes"?>
<addon id="plugin.video.jb3wizard" name="[COLOR blue]JB3[/COLOR] [COLOR white]Wizard[/COLOR]" version="2.8" provider-name="JB3 Builds">
  <requires>
    <import addon="xbmc.python" version="2.1.0"/>
  </requires>
  <extension point="xbmc.python.pluginsource" library="default.py">
        <provides>video executable</provides>
  </extension>
  <extension point="xbmc.addon.metadata">
    <summary lang="en">[COLOR lime]JB3 Builds[/COLOR] - [COLOR white]SUBSCRIBE!![/COLOR]</summary>
    <description lang="en">[B]Best Kodi Builds[/B] for Android, Amazon Firestick / Fire TV, iPhone, iPad, Windows / Mac / Linux Computers and more.</description>
    <platform>all</platform>
  </extension>
</addon>
